alignment_position,consensus_residue,non_gap_count,conservation
1,M,30,1.0
2,M,30,1.0
3,M,30,0.9667
4,N,30,1.0
5,W,30,1.0
6,S,30,0.9667
7,P,30,0.9333
8,T,30,1.0
9,T,30,0.9667
10,A,30,0.9667
11,L,30,1.0
12,V,30,1.0
13,V,30,1.0
14,S,30,0.5
15,Q,30,1.0
16,L,30,0.9667
17,L,30,0.9333
18,R,30,0.9667
19,I,30,1.0
20,P,30,1.0
21,Q,30,1.0
22,A,30,0.9667
23,I,30,0.5
24,L,30,0.5
25,D,30,1.0
26,M,30,1.0
27,I,30,0.5
28,A,30,1.0
29,G,30,1.0
30,A,30,1.0
31,H,30,1.0
32,W,30,1.0
33,G,30,1.0
34,V,30,1.0
35,L,30,1.0
36,A,30,1.0
37,G,30,1.0
38,I,30,0.5
39,A,30,0.9667
40,Y,30,0.9667
41,F,30,0.5
42,S,30,1.0
43,M,30,1.0
44,V,30,1.0
45,G,30,0.9667
46,N,30,1.0
47,W,30,1.0
48,A,30,1.0
49,K,30,1.0
50,V,30,1.0
51,V,30,0.5
52,V,30,0.5
53,V,30,0.9667
54,L,30,0.5
55,L,30,1.0
56,L,30,1.0
57,F,30,1.0
58,A,30,1.0
59,G,30,1.0
60,V,30,1.0
61,D,30,1.0
62,A,30,0.5
63,Q,47,0.3404
64,T,47,0.9787
65,H,47,0.9574
66,T,47,0.6596
67,T,47,0.6596
68,G,47,1.0
69,G,47,0.6596
70,S,47,0.3404
71,A,47,0.9787
72,G,47,0.617
73,R,47,0.9362
74,E,47,0.3404
75,A,47,0.6596
76,S,47,0.5957
77,G,47,0.6383
78,F,47,0.8723
79,T,47,0.9787
80,S,47,0.6809
81,L,47,0.6596
82,F,47,0.9574
83,T,47,0.383
84,L,47,0.6383
85,G,47,0.9787
86,P,47,0.5957
87,S,47,0.6596
88,Q,47,1.0
89,K,47,0.6596
90,V,47,0.3404
91,Q,47,0.9787
92,L,47,1.0
93,I,47,0.6383
94,N,47,1.0
95,T,47,0.6809
96,N,47,1.0
97,G,47,1.0
98,S,47,1.0
99,W,47,1.0
100,H,47,1.0
101,I,47,1.0
102,N,47,1.0
103,R,47,1.0
104,T,47,0.9574
105,A,47,0.9787
106,L,47,1.0
107,N,47,0.9787
108,C,47,1.0
109,N,47,1.0
110,D,47,0.6596
111,S,47,1.0
112,L,47,0.6596
113,N,47,0.3617
114,T,47,1.0
115,G,47,1.0
116,F,47,0.6809
117,L,47,0.4043
118,A,47,0.9787
119,G,47,0.6596
120,L,47,1.0
121,F,47,0.7872
122,Y,47,1.0
123,Y,47,0.6596
124,H,47,0.3404
125,K,47,0.6596
126,F,47,1.0
127,N,47,1.0
128,S,47,0.6596
129,S,47,0.6596
130,G,47,0.9149
131,C,47,1.0
132,P,47,1.0
133,E,47,0.6383
134,R,47,1.0
135,M,47,0.6383
136,A,47,0.6383
137,S,47,0.9787
138,C,47,1.0
139,R,47,0.6596
140,P,47,0.6596
141,I,47,0.6809
142,T,47,0.3404
143,S,47,0.3404
144,F,47,0.9787
145,E,47,0.3404
146,Q,47,0.9787
147,G,47,1.0
148,W,47,1.0
149,G,47,1.0
150,P,47,0.9787
151,I,47,0.9787
152,T,47,0.6596
153,Y,47,0.6596
154,A,47,0.9787
155,D,1,1.0
156,N,47,0.6809
157,I,47,0.3404
158,S,47,0.6596
159,G,47,0.9787
160,S,47,0.6596
161,S,17,0.9412
162,D,47,0.6596
163,D,47,0.3404
164,R,47,1.0
165,P,47,1.0
166,Y,47,0.9787
167,C,47,0.9787
168,W,47,1.0
169,H,47,1.0
170,Y,47,1.0
171,A,47,0.6596
172,P,47,1.0
173,R,47,0.8085
174,P,47,1.0
175,C,47,1.0
176,G,47,1.0
177,I,47,0.617
178,V,47,1.0
179,P,47,0.6596
180,A,47,1.0
181,S,47,0.6596
182,S,47,0.6809
183,V,47,1.0
184,C,47,0.9787
185,G,47,1.0
186,P,47,1.0
187,V,47,1.0
188,Y,47,1.0
189,C,47,0.9787
190,F,47,1.0
191,T,47,1.0
192,P,47,1.0
193,S,47,1.0
194,P,47,1.0
195,V,47,1.0
196,V,47,0.6809
197,V,47,1.0
198,G,47,1.0
199,T,47,1.0
200,T,47,1.0
201,D,47,1.0
202,R,47,0.4894
203,K,47,0.3404
204,G,47,1.0
205,V,47,1.0
206,P,47,1.0
207,T,47,1.0
208,Y,47,1.0
209,T,47,0.6809
210,W,47,1.0
211,G,47,1.0
212,E,47,0.8298
213,N,47,1.0
214,E,47,1.0
215,T,47,0.9787
216,D,47,0.9787
217,V,47,1.0
218,F,47,0.6596
219,L,47,0.6809
220,L,47,1.0
221,N,47,0.6596
222,N,47,0.6383
223,T,47,0.6596
224,R,47,1.0
225,P,47,1.0
226,P,47,1.0
227,Q,47,0.3404
228,G,47,1.0
229,N,47,0.6383
230,W,47,1.0
231,F,47,0.6596
232,G,47,1.0
233,C,47,1.0
234,T,47,0.6596
235,W,47,1.0
236,M,47,1.0
237,N,47,1.0
238,S,47,0.6809
239,T,47,1.0
240,G,47,1.0
241,F,47,0.6596
242,T,47,0.6596
243,K,47,1.0
244,T,47,0.6809
245,C,47,1.0
246,G,47,1.0
247,A,47,0.6809
248,P,47,1.0
249,P,47,0.9787
250,C,47,1.0
251,D,47,0.6596
252,I,47,0.9787
253,G,47,0.6383
254,G,47,0.9787
255,V,47,0.6383
256,G,47,0.6383
257,K,16,1.0
258,K,16,1.0
259,P,16,1.0
260,D,16,1.0
261,N,16,1.0
262,N,47,1.0
263,N,47,0.6383
264,T,47,0.6383
265,T,1,1.0
266,D,1,1.0
267,L,47,1.0
268,F,47,0.3404
269,C,47,1.0
270,P,47,1.0
271,T,47,0.9787
272,D,47,1.0
273,C,47,1.0
274,F,47,1.0
275,R,47,1.0
276,K,47,1.0
277,H,47,1.0
278,P,47,1.0
279,E,47,0.6383
280,A,47,1.0
281,T,47,1.0
282,Y,47,1.0
283,S,47,0.6383
284,R,47,0.6596
285,C,47,1.0
286,G,47,1.0
287,S,47,0.6383
288,G,47,1.0
289,P,47,1.0
290,W,47,1.0
291,L,47,0.6596
292,T,47,1.0
293,P,47,1.0
294,R,47,0.9787
295,C,47,1.0
296,L,47,0.6596
297,V,47,1.0
298,D,47,0.9574
299,Y,47,1.0
300,P,47,1.0
301,Y,47,0.9787
302,R,47,0.9787
303,L,47,1.0
304,W,47,1.0
305,H,47,1.0
306,Y,47,1.0
307,P,47,0.9574
308,C,47,1.0
309,T,47,1.0
310,V,47,1.0
311,N,47,1.0
312,F,47,0.6809
313,S,47,0.6383
314,I,47,0.6596
315,F,47,0.9787
316,K,47,1.0
317,V,47,0.8936
318,R,47,1.0
319,M,47,1.0
320,Y,47,0.6596
321,V,47,1.0
322,G,47,1.0
323,G,47,1.0
324,V,47,0.6596
325,E,47,1.0
326,H,47,1.0
327,R,47,1.0
328,L,47,0.6596
329,S,47,0.3404
330,A,47,1.0
331,A,47,1.0
332,C,47,0.9787
333,N,47,1.0
334,W,47,0.9787
335,T,47,0.9787
336,R,47,1.0
337,G,47,1.0
338,E,47,0.9787
339,R,47,1.0
340,C,47,1.0
341,N,47,0.6596
342,L,47,0.6596
343,E,47,1.0
344,D,47,1.0
345,R,47,1.0
346,D,47,1.0
347,R,47,1.0
348,S,47,0.9787
349,E,47,0.9787
350,L,47,0.617
351,S,47,0.6596
352,P,47,1.0
353,L,47,1.0
354,L,47,0.9787
355,L,47,0.617
356,S,47,1.0
357,T,47,1.0
358,T,47,1.0
359,E,47,0.6809
360,W,47,0.6596
361,Q,47,0.6383
362,V,47,0.6383
363,L,47,1.0
364,P,47,1.0
365,C,47,1.0
366,S,47,0.9787
367,F,47,0.9574
368,T,47,0.9787
369,T,47,0.5745
370,L,47,0.6596
371,P,47,1.0
372,A,47,1.0
373,L,47,0.9787
374,S,47,1.0
375,T,47,1.0
376,G,47,1.0
377,L,47,1.0
378,I,47,0.9787
379,H,47,1.0
380,L,47,0.9362
381,H,47,1.0
382,Q,47,1.0
383,N,47,0.6383
384,I,47,0.9787
385,V,47,1.0
386,D,47,1.0
387,V,47,0.6809
388,Q,47,1.0
389,Y,47,1.0
390,L,47,0.9787
391,Y,47,1.0
392,G,47,1.0
393,V,47,0.6596
394,G,47,0.9787
395,S,47,0.9787
396,G,47,0.3404
397,I,47,0.3404
398,V,47,0.6596
399,S,47,0.6383
400,W,47,0.6596
401,A,47,0.9787
402,I,47,0.6383
403,K,47,0.9787
404,W,47,1.0
405,E,47,0.9787
406,Y,47,0.6383
407,V,47,0.6809
408,V,47,1.0
409,L,47,1.0
410,L,47,0.6596
411,F,47,1.0
412,L,47,1.0
413,L,47,1.0
414,L,47,0.9574
415,A,47,0.9787
416,D,47,1.0
417,A,47,1.0
418,R,47,1.0
419,V,47,0.9574
420,C,47,1.0
421,A,47,0.3404
422,C,47,0.6596
423,L,47,1.0
424,W,47,1.0
425,M,47,0.6596
426,M,47,0.9574
427,L,47,0.9787
428,L,47,0.6596
429,I,47,0.766
430,S,17,0.9412
431,Q,17,1.0
432,A,16,1.0
433,E,16,1.0
434,A,16,0.9375
